id,created_(utc),amount,amount_refunded,converted_amount_refunded,fee,status,customer_id,date,reservation_id
ch_1GW1K6JjI7oqAmti8aodMLNR,2020-04-09 14:25,10.0,7.5,7.5,0.4,Paid,cus_GFc8aYJSbe4fNj,2020-04-09,b421333f-edfa-4f9b-863b-f38e41ada6573
ch_1GW1rwJjI7oqAmtinpfoWyUe,2020-04-09 15:00,10.0,0.0,0.0,0.0,Failed,cus_GFc8aYJSbe4fNj,2020-04-09,b421333f-edfa-4f9b-863b-f38e41ada6574
ch_1GW2XwJjI7oqAmtiUvK3sz74,2020-04-09 15:44,10.0,0.0,0.0,0.0,Failed,cus_GFc8aYJSbe4fNj,2020-04-09,b421333f-edfa-4f9b-863b-f38e41ada6575
ch_1GW2aEJjI7oqAmtiXAT20oEO,2020-04-09 15:46,10.0,0.0,0.0,0.0,Failed,cus_GFc8aYJSbe4fNj,2020-04-09,b421333f-edfa-4f9b-863b-f38e41ada6576
ch_1GW2dCJjI7oqAmtidOKPB5Bj,2020-04-09 15:49,10.0,7.5,7.5,0.4,Paid,cus_GFc8aYJSbe4fNj,2020-04-09,b421333f-edfa-4f9b-863b-f38e41ada6577
ch_1GW2h1JjI7oqAmtiu9HB76Ow,2020-04-09 15:53,10.0,0.0,0.0,0.0,Failed,cus_GFc8aYJSbe4fNj,2020-04-09,b421333f-edfa-4f9b-863b-f38e41ada6578
ch_1GW2tMJjI7oqAmtiUvv28hXX,2020-04-09 16:06,10.0,0.0,0.0,0.0,Failed,cus_GFc8aYJSbe4fNj,2020-04-09,b421333f-edfa-4f9b-863b-f38e41ada6579
ch_1GW30MJjI7oqAmti6RvylKI4,2020-04-09 16:13,10.0,0.0,0.0,0.0,Failed,cus_GFc8aYJSbe4fNj,2020-04-09,b421333f-edfa-4f9b-863b-f38e41ada6581
ch_1GW38uJjI7oqAmtivA2Hd9oV,2020-04-09 16:22,10.0,7.5,7.5,0.37,Paid,cus_GFc8aYJSbe4fNj,2020-04-09,b421333f-edfa-4f9b-863b-f38e41ada6582
ch_1GW3BMJjI7oqAmtiRIrtGEWc,2020-04-09 16:24,10.0,7.5,7.5,0.4,Paid,cus_GFc8aYJSbe4fNj,2020-04-09,b421333f-edfa-4f9b-863b-f38e41ada6583
ch_1GW3CuJjI7oqAmtib7z59nOG,2020-04-09 16:26,10.0,7.5,7.5,0.37,Paid,cus_GFc8aYJSbe4fNj,2020-04-09,b421333f-edfa-4f9b-863b-f38e41ada6584
ch_1GW3EgJjI7oqAmti4BTiv3oU,2020-04-09 16:28,10.0,7.0,7.0,0.39,Paid,cus_GFc8aYJSbe4fNj,2020-04-09,b421333f-edfa-4f9b-863b-f38e41ada6585
ch_1GWIESJjI7oqAmti07XcNDMs,2020-04-10 08:29,10.0,10.0,0.0,0.0,Refunded,cus_GFc8aYJSbe4fNj,2020-04-10,b421333f-edfa-4f9b-863b-f38e41ada6586
ch_1GWIFxJjI7oqAmti7zsxnTYZ,2020-04-10 08:30,10.0,10.0,0.0,0.0,Refunded,cus_GFc8aYJSbe4fNj,2020-04-10,b421333f-edfa-4f9b-863b-f38e41ada6587
ch_1GWIH9JjI7oqAmtiluOQfuNb,2020-04-10 08:31,10.0,7.0,7.0,0.39,Paid,cus_GFc8aYJSbe4fNj,2020-04-10,b421333f-edfa-4f9b-863b-f38e41ada6588
ch_1GWIOlJjI7oqAmtirZa43L3n,2020-04-10 08:39,10.0,6.75,6.75,0.39,Paid,cus_GFc8aYJSbe4fNj,2020-04-10,b421333f-edfa-4f9b-863b-f38e41ada6589
ch_1GWISsJjI7oqAmtiZwFdGLVe,2020-04-10 08:43,10.0,6.75,6.75,0.39,Paid,cus_GFc8aYJSbe4fNj,2020-04-10,b421333f-edfa-4f9b-863b-f38e41ada6590
ch_1GWIXwJjI7oqAmtiLRI4HDqd,2020-04-10 08:49,10.0,6.5,6.5,0.4,Paid,cus_GFc8aYJSbe4fNj,2020-04-10,b421333f-edfa-4f9b-863b-f38e41ada6591
ch_1GWIa0JjI7oqAmtiJNKZBxQm,2020-04-10 08:51,10.0,10.0,10.0,0.4,Refunded,cus_GFc8aYJSbe4fNj,2020-04-10,b421333f-edfa-4f9b-863b-f38e41ada6592
ch_1GWIg2JjI7oqAmtiAwQ3XLZe,2020-04-10 08:57,10.0,0.0,0.0,0.0,Failed,cus_GFc8aYJSbe4fNj,2020-04-10,b421333f-edfa-4f9b-863b-f38e41ada6593
ch_1GWIkJJjI7oqAmtivpKV1FqL,2020-04-10 09:01,10.0,6.5,6.5,0.4,Paid,cus_GFc8aYJSbe4fNj,2020-04-10,b421333f-edfa-4f9b-863b-f38e41ada6594
ch_1GWInrJjI7oqAmti3U7qlhiV,2020-04-10 09:05,10.0,0.0,0.0,0.0,Failed,cus_GFc8aYJSbe4fNj,2020-04-10,b421333f-edfa-4f9b-863b-f38e41ada6595
ch_1GWIyOJjI7oqAmtiO0RH5w6I,2020-04-10 09:16,10.0,6.5,6.5,15.4,Paid,cus_GFc8aYJSbe4fNj,2020-04-10,b421333f-edfa-4f9b-863b-f38e41ada6596
ch_1GWLPRJjI7oqAmtiHVy6qD51,2020-04-10 11:52,10.0,6.5,6.5,15.4,Paid,cus_GFc8aYJSbe4fNj,2020-04-10,b421333f-edfa-4f9b-863b-f38e41ada6597
ch_1GWLTvJjI7oqAmtiWfPQvC1y,2020-04-10 11:57,10.0,6.5,6.5,0.4,Paid,cus_GFc8aYJSbe4fNj,2020-04-10,b421333f-edfa-4f9b-863b-f38e41ada6598
ch_1GWLieJjI7oqAmtiXmJsnMKZ,2020-04-10 12:12,10.0,0.0,0.0,0.0,Failed,cus_GFc8aYJSbe4fNj,2020-04-10,b421333f-edfa-4f9b-863b-f38e41ada6599
ch_1GWLm8JjI7oqAmti5436bhLD,2020-04-10 12:16,10.0,6.5,6.5,0.4,Paid,cus_GFc8aYJSbe4fNj,2020-04-10,b421333f-edfa-4f9b-863b-f38e41ada6600
ch_1GWLntJjI7oqAmtiRkSk6rb9,2020-04-10 12:17,10.0,6.5,6.5,0.4,Paid,cus_GFc8aYJSbe4fNj,2020-04-10,b421333f-edfa-4f9b-863b-f38e41ada6601
ch_1GWLqQJjI7oqAmtim47kQN8c,2020-04-10 12:20,10.0,6.5,6.5,0.4,Paid,cus_GFc8aYJSbe4fNj,2020-04-10,b421333f-edfa-4f9b-863b-f38e41ada6602
ch_1GWM00JjI7oqAmtitCTjpYUE,2020-04-10 12:30,10.0,6.5,6.5,0.4,Paid,cus_GFc8aYJSbe4fNj,2020-04-10,b421333f-edfa-4f9b-863b-f38e41ada6606
ch_1GTDGbJjI7oqAmtiJb0CTvae,2020-04-01 20:34,10.0,8.7,8.7,0.34,Paid,cus_GTEdKq1kMcTztA,2020-04-01,b806be84-6d7b-40ed-adfa-8002727156e9
ch_1GTs1cJjI7oqAmtiuxhn0C1P,2020-04-03 16:05,10.0,8.4,8.4,0.35,Paid,cus_GTEdKq1kMcTztA,2020-04-03,83a8cc65-ac3e-4e66-a047-3e0a6cdf2489
ch_1GTsSbJjI7oqAmtimgEuhebk,2020-04-03 16:33,10.0,6.75,6.75,0.39,Paid,cus_GTEdKq1kMcTztA,2020-04-03,87385158-0756-4041-9ede-d6dfd3cc4422
ch_1GV2ANJjI7oqAmtiqYJuPZj1,2020-04-06 21:07,10.0,10.0,0.0,0.0,Refunded,cus_GTEdKq1kMcTztA,2020-04-06,df369484-08d2-435a-8610-4594f34e91a2
ch_1GV2F5JjI7oqAmtiIaUx2jZd,2020-04-06 21:12,10.0,10.0,0.0,0.0,Refunded,cus_GTEdKq1kMcTztA,2020-04-06,858fed12-6b23-46f9-a2bb-ffb72b0c8a64
ch_1GVHSwJjI7oqAmtiD4tZt3pF,2020-04-07 13:27,10.0,8.85,8.85,0.33,Paid,cus_GTEdKq1kMcTztA,2020-04-07,cba59f69-d7a3-4712-945c-cf49ef66ef8c
ch_1GVHVzJjI7oqAmtiBUzYUq2b,2020-04-07 13:30,10.0,8.7,8.7,0.34,Paid,cus_GTEdKq1kMcTztA,2020-04-07,e4fd4a99-155d-4d54-9077-2adb8ac69840
ch_1GVHcoJjI7oqAmtiCMTkTCUP,2020-04-07 13:37,10.0,8.7,8.7,0.34,Paid,cus_GTEdKq1kMcTztA,2020-04-07,6b3ee690-6593-41ec-8ae0-aec74a23c9f7
ch_1GdF9OJjI7oqAmti3t9JPNKu,2020-04-29 12:36,10.0,8.85,8.85,0.33,Paid,cus_GTEdKq1kMcTztA,2020-04-29,01a30977-4650-4bf3-b38a-4955dd16baa1
ch_1GdFBCJjI7oqAmtiyPVgIPNK,2020-04-29 12:38,10.0,8.85,8.85,0.33,Paid,cus_GTEdKq1kMcTztA,2020-04-29,dc9c15c5-eb86-45bf-83de-68e40e78c6eb
ch_1GdKPkJjI7oqAmtij5Ff6poj,2020-04-29 18:13,10.0,8.85,8.85,0.33,Paid,cus_GTEdKq1kMcTztA,2020-04-29,65cc08fb-7fe8-41e4-9a88-5e8ff063c053
ch_1GTn8qJjI7oqAmtiSMkRvArR,2020-04-03 10:52,10.0,10.0,0.0,0.0,Refunded,cus_GTe9ztX4xj23Vj,2020-04-03,cd80bc2d-0dc3-4853-b424-6fdf6fb0e0ee
ch_1GTn9cJjI7oqAmtiMBX7Ikfk,2020-04-03 10:53,10.0,10.0,0.0,0.0,Refunded,cus_GTe9ztX4xj23Vj,2020-04-03,d7b07545-19c4-4d9e-94b7-0bc49c01a4b9
ch_1GUBMiJjI7oqAmtiCPJ4wT9j,2020-04-04 12:44,10.0,10.0,0.0,0.0,Refunded,cus_GTe9ztX4xj23Vj,2020-04-04,18af6546-410d-4d73-88e4-4dbdda0f7a35
ch_1GUBaMJjI7oqAmtijOHe84fd,2020-04-04 12:58,10.0,10.0,0.0,0.0,Refunded,cus_GTe9ztX4xj23Vj,2020-04-04,9c1b2cef-e416-445a-bf12-08c2f2653111
ch_1GUC9HJjI7oqAmtixjaAmqvd,2020-04-04 13:34,10.0,10.0,0.0,0.0,Refunded,cus_GTe9ztX4xj23Vj,2020-04-04,another-test-res-id
ch_1GUE3iJjI7oqAmtib0jv4QR4,2020-04-04 15:37,10.0,10.0,0.0,0.0,Refunded,cus_GTe9ztX4xj23Vj,2020-04-04,66f975ac-40e4-4d3b-b1d0-aa62758267f5
ch_1GUE6IJjI7oqAmtiDQxqdH78,2020-04-04 15:40,10.0,10.0,0.0,0.0,Refunded,cus_GTe9ztX4xj23Vj,2020-04-04,4503a1fc-1c91-4ee0-a84c-612e097b681c
ch_1GVD3dJjI7oqAmtil3a5kpRz,2020-04-07 08:45,10.0,10.0,0.0,0.0,Refunded,cus_GTe9ztX4xj23Vj,2020-04-07,b831d832-3766-4323-974e-476b3947fbe2
ch_1GVIgyJjI7oqAmtipJZ15qm9,2020-04-07 14:46,10.0,8.85,8.85,0.33,Paid,cus_GYUgu6PVhcW8TD,2020-04-07,52e23067-98b9-4ff9-9e63-908e5066d78d
ch_1GYH9MJjI7oqAmtiSOaye3d9,2020-04-15 19:43,10.0,8.85,8.85,0.33,Paid,cus_Gaaza7gfCcBO8S,2020-04-15,d8b98700-2ac0-4276-a454-ea7d52edf71f
ch_1GU9ZSJjI7oqAmtiv4hNkD4U,2020-04-04 10:49,10.0,10.0,0.0,0.0,Refunded,cus_GyYIEu7aFnRTYW,2020-04-04,test-res-id
ch_1GXy5jJjI7oqAmtiXtngq2vB,2020-04-14 23:22,10.0,8.85,8.85,0.33,Paid,cus_GyYIEu7aFnRTYW,2020-04-14,a0545f6e-5daf-4a9b-a406-ae505a828afd
ch_1GTYcIJjI7oqAmtimYj0pNSE,2020-04-02 19:22,10.0,6.75,6.75,0.39,Paid,cus_H0Vv0uPDQUORrx,2020-04-02,893ea0c2-7a66-4be2-87d3-181d9fcce38d
ch_1GVJ46JjI7oqAmti0XsvnUGD,2020-04-07 15:10,10.0,0.0,0.0,0.0,Failed,cus_H0Vv0uPDQUORrx,2020-04-07,b85ff851-0b5c-44b3-a101-37869a647dbb
ch_1GVJ5ZJjI7oqAmtiF7TKILaF,2020-04-07 15:11,10.0,0.0,0.0,0.0,Failed,cus_H0Vv0uPDQUORrx,2020-04-07,20a9d803-3a21-43cc-8572-8b42cbb67fbb
ch_1GVJ5qJjI7oqAmti17ec6h2e,2020-04-07 15:12,10.0,8.25,8.25,0.35,Paid,cus_H0Vv0uPDQUORrx,2020-04-07,4de36e80-3cdb-4c11-a9b0-28a0c15f1392
ch_1GVJXzJjI7oqAmtiVEFNdmXJ,2020-04-07 15:41,10.0,8.7,8.7,0.34,Paid,cus_H0Vv0uPDQUORrx,2020-04-07,89dae179-1be5-4322-8d16-012306da34de
ch_1GVJasJjI7oqAmtiTj5bbaWL,2020-04-07 15:44,10.0,0.0,0.0,0.0,Failed,cus_H0Vv0uPDQUORrx,2020-04-07,a20b86da-51b2-4bdd-a0e0-7a46183a6aee
ch_1GVJbtJjI7oqAmtiwlYZL2Ui,2020-04-07 15:45,10.0,8.85,8.85,0.33,Paid,cus_H0Vv0uPDQUORrx,2020-04-07,dbe67bab-7e9f-48ac-987f-0da5a5b96dbd
ch_1GVJdWJjI7oqAmtiS9iUGulT,2020-04-07 15:46,10.0,0.0,0.0,0.0,Failed,cus_H0Vv0uPDQUORrx,2020-04-07,e0bd6a5e-ae60-49eb-a821-7c25128308bb
ch_1GVJdhJjI7oqAmtiwoTTzMby,2020-04-07 15:47,10.0,7.8,7.8,0.36,Paid,cus_H0Vv0uPDQUORrx,2020-04-07,7e9d6390-839f-4529-8637-8f4fc0e5f3dc
ch_1GVLSqJjI7oqAmtipFavhXdC,2020-04-07 17:43,10.0,0.0,0.0,0.0,Failed,cus_H0Vv0uPDQUORrx,2020-04-07,7cb63d4b-cf10-4e6f-b5d3-d224bb8d7e08
ch_1GVLSUJjI7oqAmtiUKEpKuRt,2020-04-07 17:43,10.0,0.0,0.0,0.0,Failed,cus_H0Vv0uPDQUORrx,2020-04-07,98eb4fb9-c73e-4d1b-8c4a-9ed866e2fb06
ch_1GVLULJjI7oqAmtiAVnbnNON,2020-04-07 17:45,10.0,4.95,4.95,0.45,Paid,cus_H0Vv0uPDQUORrx,2020-04-07,92b3d253-ddd2-4747-a21b-74b957bde6f8
ch_1GVLUCJjI7oqAmti8K7Q7CiZ,2020-04-07 17:45,10.0,0.0,0.0,0.0,Failed,cus_H0Vv0uPDQUORrx,2020-04-07,0a593916-7035-4869-9913-a0b5721b2950
ch_1GVLTxJjI7oqAmtiX6VZw6sV,2020-04-07 17:45,10.0,0.0,0.0,0.0,Failed,cus_H0Vv0uPDQUORrx,2020-04-07,cf0d2ce8-7d5c-4b4d-8c98-941894c8b8d3
ch_1GVMD8JjI7oqAmti42VcRabB,2020-04-07 18:31,10.0,8.85,8.85,0.33,Paid,cus_H0Vv0uPDQUORrx,2020-04-07,8f9f15bb-d2cf-4caa-97dd-1c7283b4e155
ch_1GVbWhJjI7oqAmtif8azMeBK,2020-04-08 10:52,10.0,0.0,0.0,0.0,Failed,cus_H0Vv0uPDQUORrx,2020-04-08,9b6f3687-c6b8-4af6-bcd3-148cb890eea1
ch_1GVbXEJjI7oqAmtic30tRfrz,2020-04-08 10:53,10.0,8.4,8.4,0.35,Paid,cus_H0Vv0uPDQUORrx,2020-04-08,7d643870-7b30-4842-84d7-d4fe821229fe
ch_1GVdRhJjI7oqAmtikAfqhKRj,2020-04-08 12:55,10.0,8.85,8.85,0.33,Paid,cus_H0Vv0uPDQUORrx,2020-04-08,1e36f558-da29-469a-8167-c675cc045a9d
ch_1GVdUUJjI7oqAmti2n22Kdfa,2020-04-08 12:58,10.0,8.85,8.85,0.33,Paid,cus_H0Vv0uPDQUORrx,2020-04-08,4aacb37e-7396-4a9e-8015-ab12719a385b
ch_1GVf1PJjI7oqAmtiY6TdsJke,2020-04-08 14:36,10.0,7.35,7.35,0.38,Paid,cus_H0Vv0uPDQUORrx,2020-04-08,5470b853-2ace-48a1-a8d3-7130b2619b7b
ch_1GVf0jJjI7oqAmtims0m90ez,2020-04-08 14:36,10.0,0.0,0.0,0.0,Failed,cus_H0Vv0uPDQUORrx,2020-04-08,e49e4e14-5003-477c-8680-a2d3aae223c9
ch_1GVfF6JjI7oqAmtiba5fQFra,2020-04-08 14:51,10.0,8.85,8.85,0.33,Paid,cus_H0Vv0uPDQUORrx,2020-04-08,10207369-6420-4207-b84b-27dc985d3118
ch_1GVfGyJjI7oqAmti3xeeHsiQ,2020-04-08 14:53,10.0,8.4,8.4,0.35,Paid,cus_H0Vv0uPDQUORrx,2020-04-08,96856899-3a19-47db-af45-a60f5ac06d75
ch_1GVigMJjI7oqAmti6iglIF7E,2020-04-08 18:31,10.0,8.85,8.85,0.33,Paid,cus_H0Vv0uPDQUORrx,2020-04-08,29a2ee9e-67f6-414e-8322-4766f997bb99
ch_1GW2skJjI7oqAmti84LsgCjH,2020-04-09 16:05,10.0,10.0,0.0,0.0,Refunded,cus_H0Vv0uPDQUORrx,2020-04-09,ac4060f3-f251-4e5a-a021-97b253e56b53
ch_1GWKW0JjI7oqAmtipvUgTt0z,2020-04-10 10:55,10.0,8.7,8.7,0.34,Paid,cus_H0Vv0uPDQUORrx,2020-04-10,e2992596-4cb2-4d99-a377-1da5e318fbfc
ch_1GWMQ4JjI7oqAmtitNs71Lh9,2020-04-10 12:57,10.0,7.05,7.05,0.39,Paid,cus_H0Vv0uPDQUORrx,2020-04-10,8200baa9-c670-4b88-a72f-9d02aa4fc1f3
ch_1GWOHTJjI7oqAmtiIMVDpJVy,2020-04-10 14:56,10.0,8.85,8.85,0.33,Paid,cus_H0Vv0uPDQUORrx,2020-04-10,1ba5ba42-8683-4489-98f1-62ff6b3b2417
ch_1GXMztJjI7oqAmtiY6xTiSIy,2020-04-13 07:46,10.0,8.7,8.7,0.34,Paid,cus_H0Vv0uPDQUORrx,2020-04-13,1c41744e-e9fb-4948-a405-119a43e4b01c
ch_1GXNdbJjI7oqAmtii5H8c6lw,2020-04-13 08:27,10.0,8.85,8.85,0.33,Paid,cus_H0Vv0uPDQUORrx,2020-04-13,ea7b4ece-9775-4c27-8ff6-4fbab0c3ec64
ch_1GXOtMJjI7oqAmtiDhSSdMXU,2020-04-13 09:47,10.0,8.85,8.85,0.33,Paid,cus_H0Vv0uPDQUORrx,2020-04-13,5f7cbb41-5a4b-455b-ac7d-7f5df4d04d1f
ch_1GXSJSJjI7oqAmti4TdBwswF,2020-04-13 13:26,10.0,8.55,8.55,0.34,Paid,cus_H0Vv0uPDQUORrx,2020-04-13,e3926d43-619d-402d-bca7-38d8ade28a22
ch_1GXmPeJjI7oqAmtimO6Z716s,2020-04-14 10:54,10.0,8.7,8.7,0.34,Paid,cus_H0Vv0uPDQUORrx,2020-04-14,2f64d76f-7d39-45d5-920d-40053788d4c7
ch_1GXmT2JjI7oqAmtisGfqKQt7,2020-04-14 10:58,10.0,8.25,8.25,0.35,Paid,cus_H0Vv0uPDQUORrx,2020-04-14,8761872c-b6e0-4c8e-9ad3-ca7dd8d278ae
ch_1GXmYCJjI7oqAmtizxHywEcn,2020-04-14 11:03,10.0,8.85,8.85,0.33,Paid,cus_H0Vv0uPDQUORrx,2020-04-14,cc7a2521-0ad5-4870-b864-c1719a95cc2e
ch_1GXnhXJjI7oqAmtiQx3bZw0f,2020-04-14 12:17,10.0,8.25,8.25,0.35,Paid,cus_H0Vv0uPDQUORrx,2020-04-14,626bcd53-2249-4ead-981e-305dd5272aa3
ch_1GXnpOJjI7oqAmtiiRj4mXHp,2020-04-14 12:25,10.0,8.85,8.85,0.33,Paid,cus_H0Vv0uPDQUORrx,2020-04-14,feef8e8e-50b5-4255-8a1b-97cebd5e4305
ch_1GXnuaJjI7oqAmtiIemFgwCr,2020-04-14 12:30,10.0,0.0,0.0,0.0,Failed,cus_H0Vv0uPDQUORrx,2020-04-14,95fa9967-4859-44d1-95d8-81c951d34557
ch_1GXnuSJjI7oqAmtibMkMITie,2020-04-14 12:30,10.0,0.0,0.0,0.0,Failed,cus_H0Vv0uPDQUORrx,2020-04-14,5af0a0f6-6b60-465d-be1f-01879bdb8528
ch_1GXnv2JjI7oqAmtiWexvt6Ta,2020-04-14 12:31,10.0,8.85,8.85,0.33,Paid,cus_H0Vv0uPDQUORrx,2020-04-14,2509bf20-2b12-42e0-9dc5-5f16ff917648
ch_1GXo5wJjI7oqAmtidyUgcdJL,2020-04-14 12:42,10.0,0.0,0.0,0.0,Failed,cus_H0Vv0uPDQUORrx,2020-04-14,df6ecdda-e133-4930-bb6f-f7bfdcb8fbae
ch_1GXoBxJjI7oqAmtiPSqP9mM1,2020-04-14 12:48,10.0,8.7,8.7,0.34,Paid,cus_H0Vv0uPDQUORrx,2020-04-14,a70e9f21-8ae3-4494-8142-0b71dcbc214e
ch_1GXoBhJjI7oqAmtioByXKzid,2020-04-14 12:48,10.0,0.0,0.0,0.0,Failed,cus_H0Vv0uPDQUORrx,2020-04-14,d56fbffb-2858-4c5f-983d-84292b11ab1a
ch_1GXoBVJjI7oqAmtiWJFxMJ8h,2020-04-14 12:48,10.0,0.0,0.0,0.0,Failed,cus_H0Vv0uPDQUORrx,2020-04-14,8604fd7e-b4e2-4ac7-94a6-100a97fc18ab
ch_1GXoYGJjI7oqAmtiD7JyZJAI,2020-04-14 13:11,10.0,0.0,0.0,0.0,Failed,cus_H0Vv0uPDQUORrx,2020-04-14,7e7d76c1-5f52-48f2-aa42-31f379676a12
ch_1GY59XJjI7oqAmti30jjkAVc,2020-04-15 06:55,10.0,0.0,0.0,0.0,Failed,cus_H0Vv0uPDQUORrx,2020-04-15,47d7d151-bb5a-4021-89f6-0280c593c965
ch_1GY5B7JjI7oqAmtiGsNEE76K,2020-04-15 06:56,10.0,0.0,0.0,0.0,Failed,cus_H0Vv0uPDQUORrx,2020-04-15,af5da5d4-ae83-485b-b158-1f4624619ba8
ch_1GY5FVJjI7oqAmtiqcSVRbb9,2020-04-15 07:01,10.0,0.0,0.0,0.0,Failed,cus_H0Vv0uPDQUORrx,2020-04-15,33f89062-50ea-4733-8d33-9b0f37b59d67
ch_1GY5h3JjI7oqAmtiVHc6n659,2020-04-15 07:29,10.0,0.0,0.0,0.0,Failed,cus_H0Vv0uPDQUORrx,2020-04-15,78a233a2-9408-4653-98b2-3f48e4e0c634
ch_1GY8pZJjI7oqAmtiqyWBwNxF,2020-04-15 10:50,10.0,8.7,8.7,0.34,Paid,cus_H0Vv0uPDQUORrx,2020-04-15,244ce4f6-ff9b-4364-9bb7-d05658ab84a8
ch_1GYAHjJjI7oqAmti1b6OeFXM,2020-04-15 12:24,10.0,8.55,8.55,0.34,Paid,cus_H0Vv0uPDQUORrx,2020-04-15,2595a4df-6f79-48b7-b54f-eeb9b441a3f4
ch_1GYAKuJjI7oqAmtiLguDEOxp,2020-04-15 12:27,10.0,8.85,8.85,0.33,Paid,cus_H0Vv0uPDQUORrx,2020-04-15,6be2a2da-8c24-44e7-9917-ad7e7510486d
ch_1GYAO6JjI7oqAmtiNfb7tMs9,2020-04-15 12:30,10.0,8.85,8.85,0.33,Paid,cus_H0Vv0uPDQUORrx,2020-04-15,0ef91576-044c-432a-8910-5da917117669
ch_1GYAspJjI7oqAmtijwlKMhR5,2020-04-15 13:02,10.0,8.85,8.85,0.33,Paid,cus_H0Vv0uPDQUORrx,2020-04-15,d1a2fc4e-305c-45d2-ba4e-247301d61eb3
ch_1GYAuHJjI7oqAmtiG7TrYqQN,2020-04-15 13:03,10.0,10.0,0.0,0.0,Refunded,cus_H0Vv0uPDQUORrx,2020-04-15,88aa3a95-3d20-40bc-bb6a-2b2b0d8ca146
ch_1GZwO8JjI7oqAmtiBwGIPyBw,2020-04-20 09:58,10.0,8.85,8.85,0.33,Paid,cus_H0Vv0uPDQUORrx,2020-04-20,a7d330b5-3156-4305-b0f6-d398769b43ff
ch_1GZxOLJjI7oqAmti3cCgv86o,2020-04-20 11:02,10.0,8.85,8.85,0.33,Paid,cus_H0Vv0uPDQUORrx,2020-04-20,d9ede4e7-e324-4701-8710-e2e58dd7e9a5
ch_1Ga1l2JjI7oqAmtimM4iBXBM,2020-04-20 15:42,10.0,8.4,8.4,0.35,Paid,cus_H0Vv0uPDQUORrx,2020-04-20,d175b478-1a97-42eb-8be2-2a3cb8c42d3c
ch_1GaRYgJjI7oqAmtiMhLZELTz,2020-04-21 19:15,10.0,8.4,8.4,0.35,Paid,cus_H0Vv0uPDQUORrx,2020-04-21,662218f9-2f2a-4e7b-bdb1-19b4d44da9b4
ch_1Gac9AJjI7oqAmti9KhWoJT6,2020-04-22 06:33,10.0,8.85,8.85,0.33,Paid,cus_H0Vv0uPDQUORrx,2020-04-22,a16f746c-24cb-4a1b-bb8c-7823ed9f415d
ch_1GacDSJjI7oqAmtiMaxFWbvF,2020-04-22 06:37,10.0,8.55,8.55,0.34,Paid,cus_H0Vv0uPDQUORrx,2020-04-22,2589f5f6-0ce8-4c2e-acd8-b7e8e783eaaf
ch_1GacFqJjI7oqAmtitcM2rYZ8,2020-04-22 06:40,10.0,8.7,8.7,0.34,Paid,cus_H0Vv0uPDQUORrx,2020-04-22,248305f8-856f-48c3-a74f-cfdb450b7780
ch_1GacHCJjI7oqAmtiM3jUYbzp,2020-04-22 06:41,10.0,7.95,7.95,0.36,Paid,cus_H0Vv0uPDQUORrx,2020-04-22,14554314-3a46-4137-beed-24fd8972e1c1
ch_1Gaj7iJjI7oqAmtivJekfcxA,2020-04-22 14:00,10.0,8.55,8.55,0.34,Paid,cus_H0Vv0uPDQUORrx,2020-04-22,4ec32e47-6eff-479a-a06d-f17aa8969440
ch_1Gb2wxJjI7oqAmtiNX3YNNpT,2020-04-23 11:10,10.0,8.55,8.55,0.34,Paid,cus_H0Vv0uPDQUORrx,2020-04-23,d8e79360-aa4d-49a7-9c9b-fd7071b75660
ch_1Gb36yJjI7oqAmtiYxnRMk0F,2020-04-23 11:20,10.0,8.85,8.85,0.33,Paid,cus_H0Vv0uPDQUORrx,2020-04-23,190ce466-33a3-43eb-8946-716d59a9128c
ch_1Gb3NtJjI7oqAmtiYf4peJMN,2020-04-23 11:38,10.0,8.4,8.4,0.35,Paid,cus_H0Vv0uPDQUORrx,2020-04-23,5a1e7421-275b-4582-a321-a5f06b08259c
ch_1Gb3XNJjI7oqAmti5IeznKk4,2020-04-23 11:48,10.0,8.55,8.55,0.34,Paid,cus_H0Vv0uPDQUORrx,2020-04-23,8ac4baf4-49c5-407a-8476-797759354b0d
ch_1Gb3ffJjI7oqAmtiw1vXAztu,2020-04-23 11:56,10.0,8.25,8.25,0.35,Paid,cus_H0Vv0uPDQUORrx,2020-04-23,5c6be7f8-1366-48a3-841a-607cc2445666
ch_1Gb3nAJjI7oqAmti1fmTAXvy,2020-04-23 12:04,10.0,0.0,0.0,0.0,Failed,cus_H0Vv0uPDQUORrx,2020-04-23,39a4cc0a-4c2e-4faa-9665-d883647dcd57
ch_1Gb3mzJjI7oqAmti4Cist8VZ,2020-04-23 12:04,10.0,0.0,0.0,0.0,Failed,cus_H0Vv0uPDQUORrx,2020-04-23,10a58865-1d71-4bd7-834e-471e07b070ee
ch_1Gb3njJjI7oqAmtiRlKnDHlH,2020-04-23 12:05,10.0,7.2,7.2,0.38,Paid,cus_H0Vv0uPDQUORrx,2020-04-23,daed1108-499d-4846-83b8-89029b083d6f
ch_1Gb3zLJjI7oqAmtiExhmuFRA,2020-04-23 12:17,10.0,8.4,8.4,0.35,Paid,cus_H0Vv0uPDQUORrx,2020-04-23,41e9dcdb-3edd-4923-bc06-af115e3e56f5
ch_1Gb9BAJjI7oqAmti4HgtE6f9,2020-04-23 17:49,10.0,8.25,8.25,0.35,Paid,cus_H0Vv0uPDQUORrx,2020-04-23,4c15bc2e-61e9-4f8d-ab11-4992c23d3725
ch_1GXkj6JjI7oqAmtiX0cN0Uua,2020-04-14 09:06,10.0,8.85,8.85,0.33,Paid,cus_H0kGdDlKuym82Z,2020-04-14,4f6377e6-b0ad-46c1-a3a0-22cbf2fcabfc
ch_1GTRBpJjI7oqAmtioT5YSvN9,2020-04-02 11:26,10.0,10.0,0.0,0.0,Refunded,cus_H19T7hXf9GHU6v,2020-04-02,reservation_id
ch_1GTRJkJjI7oqAmtiVuF2ZL3w,2020-04-02 11:34,10.0,10.0,0.0,0.0,Refunded,cus_H19T7hXf9GHU6v,2020-04-02,reservation_id
ch_1GTRLuJjI7oqAmti3sgeyeim,2020-04-02 11:36,10.0,10.0,0.0,0.0,Refunded,cus_H19T7hXf9GHU6v,2020-04-02,reservation_id
ch_1GTRNeJjI7oqAmtiqZkTkle4,2020-04-02 11:38,10.0,10.0,0.0,0.0,Refunded,cus_H19T7hXf9GHU6v,2020-04-02,reservation_id
ch_1GTRN2JjI7oqAmtinzdiskhc,2020-04-02 11:38,10.0,10.0,0.0,0.0,Refunded,cus_H19T7hXf9GHU6v,2020-04-02,reservation_id
ch_1GTS1FJjI7oqAmti0sB4RVSN,2020-04-02 12:19,10.0,10.0,0.0,0.0,Refunded,cus_H19T7hXf9GHU6v,2020-04-02,reservation_id
ch_1GTSVWJjI7oqAmtipOnZq8qw,2020-04-02 12:50,10.0,10.0,0.0,0.0,Refunded,cus_H19T7hXf9GHU6v,2020-04-02,reservation_id
ch_1GTWPlJjI7oqAmtiVhyHp6Ia,2020-04-02 17:01,10.0,10.0,0.0,0.0,Refunded,cus_H19T7hXf9GHU6v,2020-04-02,reservation_id
ch_1GTWTvJjI7oqAmtiHyJW504V,2020-04-02 17:05,10.0,10.0,0.0,0.0,Refunded,cus_H19T7hXf9GHU6v,2020-04-02,reservation_id
ch_1GTWVXJjI7oqAmtiF9PNGvIE,2020-04-02 17:07,10.0,10.0,0.0,0.0,Refunded,cus_H19T7hXf9GHU6v,2020-04-02,reservation_id
ch_1GTWWiJjI7oqAmti5X6OvdUe,2020-04-02 17:08,10.0,10.0,0.0,0.0,Refunded,cus_H19T7hXf9GHU6v,2020-04-02,reservation_id
ch_1GTWa4JjI7oqAmtiCd5pABdo,2020-04-02 17:11,10.0,10.0,0.0,0.0,Refunded,cus_H19T7hXf9GHU6v,2020-04-02,reservation_id
ch_1GTWb0JjI7oqAmtikpUIzI7g,2020-04-02 17:12,10.0,10.0,0.0,0.0,Refunded,cus_H19T7hXf9GHU6v,2020-04-02,reservation_id
ch_1GTZSJJjI7oqAmtiN0J6lEw9,2020-04-02 20:16,10.0,10.0,0.0,0.0,Refunded,cus_H19T7hXf9GHU6v,2020-04-02,69361595-817b-47a5-82e9-a202f42313de
ch_1GUDTnJjI7oqAmtiqwfEp7zU,2020-04-04 15:00,10.0,10.0,0.0,0.0,Refunded,cus_H19T7hXf9GHU6v,2020-04-04,cad7eb63-c359-4e26-9718-7fd78c408d89
ch_1GWPVEJjI7oqAmtilLnWFhvV,2020-04-10 16:14,10.0,8.85,8.85,0.33,Paid,cus_H19T7hXf9GHU6v,2020-04-10,9e8fd206-c974-4cdf-8313-937ad704cdb6
ch_1GV4TAJjI7oqAmti8UDIgZWd,2020-04-06 23:35,10.0,10.0,0.0,0.0,Refunded,cus_H1AS5hlOpxKkvs,2020-04-06,cdf8a1f4-19bc-4a8e-857e-f469015634dd
ch_1GV524JjI7oqAmtiPt6V6hqt,2020-04-07 00:11,10.0,10.0,0.0,0.0,Refunded,cus_H1AS5hlOpxKkvs,2020-04-07,d999e63d-bd82-4c8a-80a4-a6eac782d846
ch_1GV6f3JjI7oqAmtiyxhBbGS3,2020-04-07 01:55,10.0,10.0,0.0,0.0,Refunded,cus_H1AS5hlOpxKkvs,2020-04-07,bc410660-0c21-495f-ac9c-40bd2e6249fa
ch_1GV6szJjI7oqAmti7Cmw0na1,2020-04-07 02:09,10.0,10.0,0.0,0.0,Refunded,cus_H1AS5hlOpxKkvs,2020-04-07,f97b4030-d6f5-4774-a0c1-ac63d3046471
ch_1GV886JjI7oqAmtiBf75sQpo,2020-04-07 03:29,10.0,10.0,0.0,0.0,Refunded,cus_H1AS5hlOpxKkvs,2020-04-07,718ce2d5-e671-48f0-bd60-f6aa61e6dec4
ch_1GVKJDJjI7oqAmtimhFyLSmM,2020-04-07 16:29,10.0,8.7,8.7,0.34,Paid,cus_H1AS5hlOpxKkvs,2020-04-07,2bfd879e-76e6-44ef-89ca-ff6509723318
ch_1GVKf1JjI7oqAmtifmvJ30uu,2020-04-07 16:52,10.0,7.95,7.95,0.36,Paid,cus_H1AS5hlOpxKkvs,2020-04-07,ea78b723-66b2-4f85-83ea-f1f5fa952f87
ch_1GVj8LJjI7oqAmtil31OrjcR,2020-04-08 19:00,10.0,8.1,8.1,0.36,Paid,cus_H1AS5hlOpxKkvs,2020-04-08,3f48a8d6-b64f-44de-b2fc-b7d715a14abb
ch_1GVjFGJjI7oqAmtiCfDoRaiu,2020-04-08 19:07,10.0,8.55,8.55,0.34,Paid,cus_H1AS5hlOpxKkvs,2020-04-08,278b42ab-4cfc-4f8b-ad3d-d03c497f21ef
ch_1GXVl7JjI7oqAmtinHzgpTO5,2020-04-13 17:07,10.0,8.85,8.85,0.33,Paid,cus_H1AS5hlOpxKkvs,2020-04-13,7ecd3532-fab0-4ddd-ae84-b501e84ababc
ch_1Gb5GVJjI7oqAmtiUir3c5YT,2020-04-23 13:38,10.0,8.85,8.85,0.33,Paid,cus_H1AS5hlOpxKkvs,2020-04-23,18709d3e-0029-43c2-935c-93cd0957c356
ch_1Gd4B1JjI7oqAmtiJD1kDOjZ,2020-04-29 00:53,10.0,8.85,8.85,0.33,Paid,cus_H1AS5hlOpxKkvs,2020-04-29,282caf9c-543d-4802-9376-da865f8e01a5
ch_1Gd4N9JjI7oqAmtiNZxVrYXu,2020-04-29 01:05,10.0,8.7,8.7,0.34,Paid,cus_H1AS5hlOpxKkvs,2020-04-29,d1815e7a-a408-4c65-8db8-946de4a1105f
ch_1Gd4PCJjI7oqAmti0sqC5KGa,2020-04-29 01:08,10.0,8.85,8.85,0.33,Paid,cus_H1AS5hlOpxKkvs,2020-04-29,0d6227e5-6b73-463d-9306-103d0e7f3ab8
ch_1Gd4RIJjI7oqAmti7RLYCF5a,2020-04-29 01:10,10.0,8.85,8.85,0.33,Paid,cus_H1AS5hlOpxKkvs,2020-04-29,938743b4-acec-4b33-a58f-cedbef14ac57
ch_1Gd5GeJjI7oqAmtiq02GAeca,2020-04-29 02:03,10.0,8.85,8.85,0.33,Paid,cus_H1AS5hlOpxKkvs,2020-04-29,d1f229ae-faba-4255-a2a5-aca1da5c53ef
ch_1Gd6jWJjI7oqAmtisJCj80xq,2020-04-29 03:37,10.0,8.7,8.7,0.34,Paid,cus_H1AS5hlOpxKkvs,2020-04-29,ca638109-84a5-41d5-bad3-6c75f80967c2
ch_1Gd6nDJjI7oqAmtiNj9y4duH,2020-04-29 03:41,10.0,10.0,0.0,0.0,Refunded,cus_H1AS5hlOpxKkvs,2020-04-29,59f80436-4329-4f6f-bd42-db80fef08942
ch_1Gd6ulJjI7oqAmtipwVuGl0m,2020-04-29 03:48,10.0,8.85,8.85,0.33,Paid,cus_H1AS5hlOpxKkvs,2020-04-29,9408e1c0-d9eb-4eae-84d3-43ad10b298a2
ch_1GVPOzJjI7oqAmti2y4HM0gC,2020-04-07 21:56,10.0,8.85,8.85,0.33,Paid,cus_H3NTm50To4IDb5,2020-04-07,b6210f59-5365-435a-adec-cdec45f603da
ch_1GXnz8JjI7oqAmti3qnml3ga,2020-04-14 12:35,10.0,0.0,0.0,0.0,Failed,cus_H3NTm50To4IDb5,2020-04-14,b87fc992-a259-490f-a48b-2ee3a7cfbbfe
ch_1GXoN5JjI7oqAmtiARcQhx01,2020-04-14 13:00,10.0,0.0,0.0,0.0,Failed,cus_H3NTm50To4IDb5,2020-04-14,fd7efd98-8969-4482-9237-579f5dac6d7d
ch_1GXoNyJjI7oqAmtiV80kJVyH,2020-04-14 13:01,10.0,0.0,0.0,0.0,Failed,cus_H3NTm50To4IDb5,2020-04-14,36022af2-7490-475c-907f-8ccb2e4c9f2a
ch_1GXqWiJjI7oqAmtiujh8UGQl,2020-04-14 15:18,100.0,0.0,0.0,0.0,Failed,cus_H3NTm50To4IDb5,2020-04-14,0
ch_1GXqYWJjI7oqAmtiJSxHSt6P,2020-04-14 15:20,100.0,0.0,0.0,0.0,Failed,cus_H3NTm50To4IDb5,2020-04-14,0
ch_1GXqbaJjI7oqAmtig04K6jWn,2020-04-14 15:23,100.0,0.0,0.0,0.0,Failed,cus_H3NTm50To4IDb5,2020-04-14,0
ch_1GXqcYJjI7oqAmtitDNTaWrc,2020-04-14 15:24,100.0,0.0,0.0,0.0,Failed,cus_H3NTm50To4IDb5,2020-04-14,0
ch_1GXqdWJjI7oqAmti0Eq2AKKr,2020-04-14 15:25,100.0,0.0,0.0,0.0,Failed,cus_H3NTm50To4IDb5,2020-04-14,0
ch_1GXqedJjI7oqAmtieedBLyYG,2020-04-14 15:26,100.0,0.0,0.0,0.0,Failed,cus_H3NTm50To4IDb5,2020-04-14,0
ch_1GY7MKJjI7oqAmti12otUaLI,2020-04-15 09:16,100.0,100.0,0.0,0.0,Refunded,cus_H3NTm50To4IDb5,2020-04-15,0
ch_1GY7PwJjI7oqAmtiOWJcRc0Y,2020-04-15 09:20,100.0,100.0,0.0,0.0,Refunded,cus_H3NTm50To4IDb5,2020-04-15,0
ch_1GYAg6JjI7oqAmtiu1hfQjdD,2020-04-15 12:49,10.0,0.0,0.0,0.0,Failed,cus_H3NTm50To4IDb5,2020-04-15,3a83c8da-c384-4bc4-a2d5-837bec26b5b1
ch_1GYAgoJjI7oqAmtiPkY5VQfO,2020-04-15 12:50,10.0,10.0,0.0,0.0,Refunded,cus_H3NTm50To4IDb5,2020-04-15,53fe4310-e321-48e1-848f-e62f21ae1eab
ch_1GYAi1JjI7oqAmtib21m21Bv,2020-04-15 12:51,10.0,10.0,0.0,0.0,Refunded,cus_H3NTm50To4IDb5,2020-04-15,0
ch_1GYAj2JjI7oqAmtiCpMZeQJH,2020-04-15 12:52,10.0,0.0,0.0,0.0,Failed,cus_H3NTm50To4IDb5,2020-04-15,0
ch_1GYAiqJjI7oqAmtiXzP0y2az,2020-04-15 12:52,10.0,10.0,0.0,0.0,Refunded,cus_H3NTm50To4IDb5,2020-04-15,0
ch_1GYAlQJjI7oqAmti9fct4oL8,2020-04-15 12:54,10.0,0.0,0.0,0.0,Failed,cus_H3NTm50To4IDb5,2020-04-15,0
ch_1GYAoLJjI7oqAmtiCNE4xeaf,2020-04-15 12:57,10.0,0.0,0.0,0.0,Failed,cus_H3NTm50To4IDb5,2020-04-15,0
ch_1GYApBJjI7oqAmtigXHBoW3k,2020-04-15 12:58,10.0,0.0,0.0,0.0,Failed,cus_H3NTm50To4IDb5,2020-04-15,0
ch_1GYAqzJjI7oqAmtienejE8oQ,2020-04-15 13:00,10.0,0.0,0.0,0.0,Failed,cus_H3NTm50To4IDb5,2020-04-15,0
ch_1GYArhJjI7oqAmti85K6Z0KY,2020-04-15 13:01,10.0,0.0,0.0,0.0,Failed,cus_H3NTm50To4IDb5,2020-04-15,0
ch_1GYAtkJjI7oqAmtiazuOHYi6,2020-04-15 13:03,10.0,10.0,0.0,0.0,Refunded,cus_H3NTm50To4IDb5,2020-04-15,0
ch_1GYAurJjI7oqAmtiLDHqiuak,2020-04-15 13:04,10.0,10.0,0.0,0.0,Refunded,cus_H3NTm50To4IDb5,2020-04-15,0
ch_1GYB7tJjI7oqAmti0DonbUVa,2020-04-15 13:18,10.0,8.85,8.85,0.33,Paid,cus_H3NTm50To4IDb5,2020-04-15,cd8890a4-90bf-4c8a-b565-b117d0ff2adc
ch_1GYYf6JjI7oqAmtiJ8bTszAn,2020-04-16 14:25,10.0,8.8,8.8,0.33,Paid,cus_H3NTm50To4IDb5,2020-04-16,05600eae-391e-428f-bb78-156959b8fbe4
ch_1GYYx7JjI7oqAmtigmLNAfn8,2020-04-16 14:44,10.0,8.4,8.4,0.35,Paid,cus_H3NTm50To4IDb5,2020-04-16,de6315a8-c5c9-475e-b4f5-4b764e3b2d2f
ch_1GYZCpJjI7oqAmti9Fqq9nnL,2020-04-16 15:00,10.0,8.7,8.7,0.34,Paid,cus_H3NTm50To4IDb5,2020-04-16,f6521dd2-6438-48ab-8b6b-374dc1e0950e
ch_1GYZO1JjI7oqAmtiWvNu7iF2,2020-04-16 15:12,10.0,8.7,8.7,0.34,Paid,cus_H3NTm50To4IDb5,2020-04-16,55d56d94-20b0-49d5-87c9-bb0e448b8014
ch_1GYZSXJjI7oqAmti3VUbYGUO,2020-04-16 15:16,10.0,0.0,0.0,0.0,Failed,cus_H3NTm50To4IDb5,2020-04-16,72869cbb-cca4-4449-8473-5a22a8aa7e82
ch_1GYZRqJjI7oqAmtisJlA3pp1,2020-04-16 15:16,10.0,0.0,0.0,0.0,Failed,cus_H3NTm50To4IDb5,2020-04-16,95d6688a-b576-44d4-b55f-44d38b037957
ch_1GYZT0JjI7oqAmtidQzXx5O6,2020-04-16 15:17,10.0,8.7,8.7,0.34,Paid,cus_H3NTm50To4IDb5,2020-04-16,412981f9-4b2a-467c-87d3-7eed207924e8
ch_1GYZShJjI7oqAmtiCrQmv5MU,2020-04-16 15:17,10.0,0.0,0.0,0.0,Failed,cus_H3NTm50To4IDb5,2020-04-16,b2eef6a9-481c-4da6-82cc-6696b2c7e2cd
ch_1GYaZIJjI7oqAmtipKJBOA8v,2020-04-16 16:28,10.0,7.95,7.95,0.36,Paid,cus_H3NTm50To4IDb5,2020-04-16,d3c79103-7658-45c9-901f-c3f7149b8140
ch_1GYaqzJjI7oqAmtidvi2Vs4w,2020-04-16 16:46,10.0,8.85,8.85,0.33,Paid,cus_H3NTm50To4IDb5,2020-04-16,9253e2a7-8cfd-420d-93a1-50a67a874413
ch_1GYsejJjI7oqAmti2tchBENQ,2020-04-17 11:46,10.0,8.85,8.85,0.33,Paid,cus_H3NTm50To4IDb5,2020-04-17,af9e4b71-90f5-4745-890d-57ae7800376f
ch_1GYwxWJjI7oqAmtiwcYe3yp3,2020-04-17 16:22,10.0,8.85,8.85,0.33,Paid,cus_H3NTm50To4IDb5,2020-04-17,27bcbcfd-2f42-4169-86b2-5a559ac7b8ae
ch_1GYwyeJjI7oqAmtiYuKYGkan,2020-04-17 16:23,10.0,8.85,8.85,0.33,Paid,cus_H3NTm50To4IDb5,2020-04-17,e93c1e33-befd-4121-8ff2-048fedb154f1
ch_1GaLNaJjI7oqAmtiPtYKDx2K,2020-04-21 12:39,100.0,0.0,0.0,0.0,Failed,cus_H3NTm50To4IDb5,2020-04-21,0
ch_1GaM0pJjI7oqAmtiDrvLWYit,2020-04-21 13:19,100.0,0.0,0.0,0.0,Failed,cus_H3NTm50To4IDb5,2020-04-21,0
ch_1Gai7EJjI7oqAmtiDzSWMbot,2020-04-22 12:55,10.0,8.85,8.85,0.33,Paid,cus_H3NTm50To4IDb5,2020-04-22,0a21299f-7209-412a-a1aa-865ac960f9ec
ch_1GajxcJjI7oqAmtiCUnZYjfk,2020-04-22 14:54,10.0,8.25,8.25,0.35,Paid,cus_H3NTm50To4IDb5,2020-04-22,6b9aae69-a142-401c-b694-357591b0a290
ch_1GbQJnJjI7oqAmtipclNZ5pI,2020-04-24 12:07,10.0,0.0,0.0,0.0,Failed,cus_H3NTm50To4IDb5,2020-04-24,3eb5b714-4de1-4071-951c-4368106f8c25
ch_1GbQK9JjI7oqAmtiAYrPBfpJ,2020-04-24 12:08,10.0,8.25,8.25,0.35,Paid,cus_H3NTm50To4IDb5,2020-04-24,00d713ad-7fae-46ca-88b6-487640390a64
ch_1Gdd84JjI7oqAmtiGGk0uchi,2020-04-30 14:12,10.0,7.2,7.2,0.38,Paid,cus_H3NTm50To4IDb5,2020-04-30,76e8fd9e-a4a9-4c3b-a6f3-fdbf1de0c746
ch_1GddLvJjI7oqAmti0cKrkpw2,2020-04-30 14:27,10.0,8.55,8.55,0.34,Paid,cus_H3NTm50To4IDb5,2020-04-30,c5897789-c503-492c-bebc-e4f4e2fe3c74
ch_1Gddr9JjI7oqAmtilfXkHHyV,2020-04-30 14:59,10.0,6.6,6.6,0.4,Paid,cus_H3NTm50To4IDb5,2020-04-30,3cd3215c-eba0-44f5-bfdb-5c34a28f2671
ch_1GdeD8JjI7oqAmti1mNCpoXZ,2020-04-30 15:22,10.0,8.85,8.85,0.33,Paid,cus_H3NTm50To4IDb5,2020-04-30,1830ef35-8d48-415d-a848-cd026c28049e
ch_1GdeH1JjI7oqAmtiINxqZXr3,2020-04-30 15:26,10.0,6.15,6.15,0.41,Paid,cus_H3NTm50To4IDb5,2020-04-30,0976483b-f23f-45a2-8a99-78386c14fc7e
ch_1GdfHkJjI7oqAmti48gOXIiE,2020-04-30 16:30,10.0,8.85,8.85,0.33,Paid,cus_H3NTm50To4IDb5,2020-04-30,178286c2-10d3-49d5-bc63-201ba263968d
ch_1GdfRUJjI7oqAmtianRGKtin,2020-04-30 16:40,10.0,8.7,8.7,0.34,Paid,cus_H3NTm50To4IDb5,2020-04-30,1b6765f6-7a71-4494-87d2-1fede5a28e8b
ch_1GdfWuJjI7oqAmtivhAUSJz6,2020-04-30 16:46,10.0,8.85,8.85,0.33,Paid,cus_H3NTm50To4IDb5,2020-04-30,f303d432-a19a-4400-9033-20508e819618
ch_1GdgOIJjI7oqAmtiGLt54pie,2020-04-30 17:41,10.0,8.85,8.85,0.33,Paid,cus_H3NTm50To4IDb5,2020-04-30,f7b10ac7-e988-44d2-a23a-2b51d865af7d
ch_1GaNUWJjI7oqAmti6e0Oly5f,2020-04-21 14:54,10.0,8.4,8.4,0.35,Paid,cus_H8N3w1GGMhce93,2020-04-21,34c7b15d-39de-44d0-abdf-3cf855d2d69e
ch_1GahvQJjI7oqAmtis7QqVXED,2020-04-22 12:43,10.0,8.85,8.85,0.33,Paid,cus_H8N3w1GGMhce93,2020-04-22,db095be3-2800-4522-b89a-4f6007634b6a
ch_1Gai3JJjI7oqAmti6hijHYQx,2020-04-22 12:51,10.0,0.0,0.0,0.0,Failed,cus_H8N3w1GGMhce93,2020-04-22,e21262a8-7a62-4c03-9bda-5086ff5bdadd
ch_1Gai3bJjI7oqAmtiZHowe8uF,2020-04-22 12:52,10.0,8.85,8.85,0.33,Paid,cus_H8N3w1GGMhce93,2020-04-22,82fdcd52-8877-4514-91b5-471b812a58d2
ch_1GaicuJjI7oqAmtiJBz78HrC,2020-04-22 13:28,10.0,10.0,0.0,0.0,Refunded,cus_H8N3w1GGMhce93,2020-04-22,7a187cc8-4148-4742-aa8a-b91d9483e54a
ch_1Gao93JjI7oqAmtiwef61bdS,2020-04-22 19:22,10.0,8.7,8.7,0.34,Paid,cus_H8N3w1GGMhce93,2020-04-22,985c321a-5e11-4b3e-a193-c5a7c5ecdc12
ch_1GaoGhJjI7oqAmtiK4Xah4QK,2020-04-22 19:29,10.0,6.6,6.6,0.4,Paid,cus_H8N3w1GGMhce93,2020-04-22,d7dc9dd9-e408-4560-84da-a3c40ed81a70
ch_1GaoXmJjI7oqAmtiPle78Vrd,2020-04-22 19:47,10.0,8.7,8.7,0.34,Paid,cus_H8N3w1GGMhce93,2020-04-22,cd6de463-6d74-45e2-9cfe-e2c27b00676e
ch_1GaoaOJjI7oqAmtimxfNAmfK,2020-04-22 19:50,10.0,8.7,8.7,0.34,Paid,cus_H8N3w1GGMhce93,2020-04-22,0233261c-22dc-48c5-b48f-b5da92c8bc90
ch_1Gb3vzJjI7oqAmti8zTOLCuy,2020-04-23 12:13,10.0,8.7,8.7,0.34,Paid,cus_H8N3w1GGMhce93,2020-04-23,af02e295-fb1d-496a-85c0-11c9eb45bca1
ch_1Gb98TJjI7oqAmti9ycbMyu2,2020-04-23 17:46,10.0,8.85,8.85,0.33,Paid,cus_H8N3w1GGMhce93,2020-04-23,f3a83a73-52d8-4c7c-9176-0039a0358736
ch_1GdKfDJjI7oqAmtiPLHPxk4k,2020-04-29 18:29,10.0,6.9,6.9,0.39,Paid,cus_H8N3w1GGMhce93,2020-04-29,92ef5859-48ae-40ac-bd7a-79190bdda73e
ch_1GdaJQJjI7oqAmtiJ7T8hS83,2020-04-30 11:12,10.0,8.1,8.1,0.36,Paid,cus_H8N3w1GGMhce93,2020-04-30,4f466e71-4623-41b5-94df-9ae572fc7503
ch_1GaFijJjI7oqAmtigvXEkDrI,2020-04-21 06:36,10.0,10.0,0.0,0.0,Refunded,not_created,2020-04-21,0
